{"global_step": 87164, "train/mean_score": -0.2, "train/mean_turns_per_game": 13.55, "train/epsilon": 0.7679532627193003, "train/opponent_updates": 0, "eval/mean_fitness": -0.3733333333333333, "eval/best_fitness": -0.26, "eval/mean_turns_per_game": 12.69, "train/action_0": 0.11586901763224182, "train/action_1": 0.17632241813602015, "train/action_2": 0.1309823677581864, "train/action_3": 0.14357682619647355, "train/action_4": 0.163727959697733, "train/action_5": 0.11586901763224182, "train/action_6": 0.15365239294710328, "eval/action_0": 0.09809119830328739, "eval/action_1": 0.15217391304347827, "eval/action_2": 0.22269353128313893, "eval/action_3": 0.10286320254506894, "eval/action_4": 0.12725344644750794, "eval/action_5": 0.14634146341463414, "eval/action_6": 0.15058324496288442, "_timestamp": 1738295496.7469285, "_runtime": 828.8240325450897, "_step": 10, "_wandb": {"runtime": 852}}